-- 插入用户信息数据
INSERT INTO 用户信息 (用户ID, 手机号, 密码, 头像, 真实姓名, 昵称, 出生日期, 性别, 所在地区, 角色)
VALUES 
(1, '11111111111', 'password_hash_1', '6', '杨宸铭', 'YCM', '2002-06-05', '男', '北京', '管理员'),
(2, '22222222222', 'password_hash_2', '3', '刘小杨', 'LXY', '2001-09-27', '男', '上海', '个体用户'),
(3, '33333333333', 'password_hash_3', '2', '罗宇孙', 'LYS', '2002-09-27', '男', '广州', '个体用户');

-- 插入用户银行账户数据
INSERT INTO 用户银行账户 (卡号, 用户ID, 银行名称, 有效期, 安全码, 余额, 创建时间, 更新时间)
VALUES 
('622848001', 1, '中国银行', '2025-12-31', '123', 50000.00, '2024-06-24 14:58:10', '2024-06-24 14:58:10'),
('622848002', 2, '工商银行', '2026-11-30', '456', 30000.00, '2024-06-26 14:56:25', '2024-06-27 14:58:10');

-- 插入交易信息数据
INSERT INTO 交易信息 (交易ID, 转出卡号, 转入卡号, 交易金额, 交易类型, 备注, 创建时间)
VALUES 
(1, '622848001', '622848002', 1500.00, '转账', '朋友借款', '2024-06-24 15:00:00'),
(2, '622848002', '622848001', 2500.00, '购物', '网购', '2024-06-24 16:00:00');

-- 插入股票信息数据
INSERT INTO 股票信息 (股票ID, 股票名称, 初始价格, 当前价格, 上次查询价格, 涨跌幅, 最大回撤, 创建时间, 更新时间)
VALUES 
(1, '铭中注定', 1489.22, 1489.22, 1489.22, 0.00, 0.00, '2024-06-24 14:58:10', '2024-06-24 14:58:10');

-- 插入用户股票持有数据
INSERT INTO 用户股票持有 (用户ID, 股票ID, 持有数量, 成交单价, 创建时间)
VALUES 
(1, 1, 10, 1400.00, '2024-04-01 00:00:00'),
(1, 1, 15, 1450.00, '2024-04-21 00:00:00'),
(1, 1, 20, 1500.00, '2024-05-21 00:00:00'),
(2, 1, 20, 1410.00, '2024-04-06 00:00:00'),
(2, 1, 25, 1460.00, '2024-05-01 00:00:00'),
(2, 1, 30, 1510.00, '2024-05-26 00:00:00'),
(3, 1, 15, 1420.00, '2024-04-11 00:00:00'),
(3, 1, 20, 1470.00, '2024-05-06 00:00:00'),
(3, 1, 25, 1520.00, '2024-06-05 00:00:00');

-- 插入股票历史价格数据
INSERT INTO 股票历史价格 (股票ID, 日期, 开盘价, 收盘价)
VALUES 
(1, '2024-04-01', 1400.00, 1400.00),
(1, '2024-04-06', 1410.00, 1410.00),
(1, '2024-04-11', 1420.00, 1420.00),
(1, '2024-04-16', 1430.00, 1430.00),
(1, '2024-04-21', 1440.00, 1440.00),
(1, '2024-04-26', 1450.00, 1450.00),
(1, '2024-05-01', 1460.00, 1460.00),
(1, '2024-05-06', 1470.00, 1470.00),
(1, '2024-05-11', 1480.00, 1480.00),
(1, '2024-05-16', 1490.00, 1490.00),
(1, '2024-05-21', 1500.00, 1500.00),
(1, '2024-05-26', 1510.00, 1510.00),
(1, '2024-05-31', 1520.00, 1520.00),
(1, '2024-06-05', 1530.00, 1530.00),
(1, '2024-06-10', 1540.00, 1540.00),
(1, '2024-06-15', 1550.00, 1550.00),
(1, '2024-06-20', 1560.00, 1560.00);

-- 插入基金信息数据
INSERT INTO 基金信息 (基金ID, 基金名称, 初始价格, 当前价格, 涨跌幅, 最大回撤, 创建时间, 更新时间)
VALUES 
(1, '铭中注定', 100.00, 100.00, 0.00, 0.00, '2024-06-24 14:58:10', '2024-06-24 14:58:10');

-- 插入用户基金持有数据
INSERT INTO 用户基金持有 (用户ID, 基金ID, 持有数量, 成交单价, 创建时间)
VALUES 
(1, 1, 100, 100.00, '2024-06-24 14:58:10'),
(2, 1, 50, 100.00, '2024-06-24 14:59:10');

-- 插入黄金价格数据
INSERT INTO 黄金价格 (黄金价格ID, 价格, 品牌, 记录时间)
VALUES 
(0, 541.30, '市场金价', '2024-06-01 00:00:00'),
(1, 540.00, '小铭黄金', '2024-06-01 00:00:00'),
(2, 542.00, '小杨黄金', '2024-06-01 00:00:00'),
(3, 541.00, '小孙黄金', '2024-06-01 00:00:00'),
(4, 543.00, '小王黄金', '2024-06-01 00:00:00');

-- 插入用户黄金持有数据
INSERT INTO 用户黄金持有 (用户ID, 黄金价格ID, 持有数量, 持有成本, 创建时间)
VALUES 
(1, 1, 100.00, 54000.00, '2024-06-01 00:00:00'),
(2, 2, 50.00, 27100.00, '2024-06-01 00:00:00'),
(3, 3, 30.00, 16230.00, '2024-06-01 00:00:00');
